item_id,month,quantity
PART-001,2026-01-01,31
PART-001,2026-02-01,28
PART-001,2026-03-01,31
PART-001,2026-04-01,30
PART-001,2026-05-01,31
PART-001,2026-06-01,30
PART-002,2026-01-01,15
PART-002,2026-02-01,20
PART-002,2026-03-01,31
PART-002,2026-04-01,45
PART-002,2026-05-01,62
PART-002,2026-06-01,75
PART-003,2026-01-01,93
PART-003,2026-02-01,84
PART-003,2026-03-01,93
PART-003,2026-04-01,90
PART-003,2026-05-01,93
PART-003,2026-06-01,90
PART-004,2026-01-01,31
PART-004,2026-02-01,28
PART-004,2026-03-01,31
PART-004,2026-04-01,30
PART-004,2026-05-01,31
PART-004,2026-06-01,30
PART-005,2026-01-01,31
PART-005,2026-02-01,28
PART-005,2026-03-01,31
PART-005,2026-04-01,30
PART-005,2026-05-01,31
PART-005,2026-06-01,30
PART-006,2026-01-01,0
PART-006,2026-02-01,12
PART-006,2026-03-01,0
PART-006,2026-04-01,0
PART-006,2026-05-01,18
PART-006,2026-06-01,0
PART-007,2026-01-01,31
PART-007,2026-02-01,28
PART-007,2026-03-01,31
PART-007,2026-04-01,30
PART-007,2026-05-01,31
PART-007,2026-06-01,180
PART-008,2026-01-01,124
PART-008,2026-02-01,84
PART-008,2026-03-01,62
PART-008,2026-04-01,60
PART-008,2026-05-01,31
PART-008,2026-06-01,15
PART-009,2026-06-01,30
PART-010,2026-01-01,62
PART-010,2026-02-01,56
PART-010,2026-03-01,62
PART-010,2026-04-01,60
PART-010,2026-05-01,62
PART-010,2026-06-01,60
PART-011,2026-01-01,31
PART-011,2026-02-01,28
PART-011,2026-03-01,31
PART-011,2026-04-01,30
PART-011,2026-05-01,31
PART-011,2026-06-01,30
PART-012,2026-01-01,31
PART-012,2026-02-01,28
PART-012,2026-03-01,31
PART-012,2026-04-01,30
PART-012,2026-05-01,31
PART-012,2026-06-01,30
KIT-001,2026-01-01,15
KIT-001,2026-02-01,10
KIT-001,2026-03-01,5
KIT-001,2026-04-01,0
KIT-001,2026-05-01,0
KIT-001,2026-06-01,0
KIT-002,2026-01-01,15.5
KIT-002,2026-02-01,14.0
KIT-002,2026-03-01,15.5
KIT-002,2026-04-01,15.0
KIT-002,2026-05-01,15.5
KIT-002,2026-06-01,15.0
